,nb_seeds,nb_activated_nodes,std_activated_nodes,nb_runs
0,1,265.45,131.52660377277292,20
1,2,335.8,163.78724004024244,20
2,3,607.95,240.0988286102204,20
3,4,611.5,154.2950096406232,20
